"Status","Start Time","Stop Time","Duration in ms","Parent Suite","Suite","Sub Suite","Test Class","Test Method","Name","Description"
"broken","Thu Oct 01 00:43:39 UTC 2026","Thu Oct 01 00:43:39 UTC 2026","0","tests","test_results","","","","test_validateTheresultsUI[chromium]",""
"passed","Thu Oct 01 00:43:39 UTC 2026","Thu Oct 01 00:43:39 UTC 2026","0","tests","test_dataHandling","","","","test_cli[devpassword]",""
"passed","Thu Oct 01 00:43:39 UTC 2026","Thu Oct 01 00:43:40 UTC 2026","211","test_api_db","test_apiTest","","","","test_postApi",""
"passed","Thu Oct 01 00:43:39 UTC 2026","Thu Oct 01 00:43:39 UTC 2026","0","tests","test_dataHandling","","","","test_cli[prodpassword]",""
"broken","Thu Oct 01 00:43:39 UTC 2026","Thu Oct 01 00:43:39 UTC 2026","291","test_api_db","test_apiTest","","","","test_getAPI",""
"broken","Thu Oct 01 00:43:39 UTC 2026","Thu Oct 01 00:43:39 UTC 2026","0","tests","test_dataHandling","","","","test_excelhandling_write",""
"broken","Thu Oct 01 00:43:39 UTC 2026","Thu Oct 01 00:43:39 UTC 2026","0","tests","test_dataHandling","","","","test_jsonHandling2",""
"passed","Thu Oct 01 00:43:39 UTC 2026","Thu Oct 01 00:43:39 UTC 2026","0","tests","test_dataHandling","","","","test_cli[testpassword]",""
"broken","Thu Oct 01 00:43:39 UTC 2026","Thu Oct 01 00:43:39 UTC 2026","0","tests","test_dataHandling","","","","test_jsonhandling",""
"skipped","Thu Oct 01 00:43:39 UTC 2026","Thu Oct 01 00:43:39 UTC 2026","0","tests","test_dataHandling","","","","test_copyPaste",""
"broken","Thu Oct 01 00:43:39 UTC 2026","Thu Oct 01 00:43:39 UTC 2026","0","test_api_db","test_db","","","","test_sql",""
"passed","Thu Oct 01 00:43:39 UTC 2026","Thu Oct 01 00:43:39 UTC 2026","1","tests","test_dataHandling","","","","test_cli_env",""
"broken","Thu Oct 01 00:43:39 UTC 2026","Thu Oct 01 00:43:39 UTC 2026","0","tests","test_home","","","","test_valdiatePageComponents[chromium]",""
"broken","Thu Oct 01 00:43:39 UTC 2026","Thu Oct 01 00:43:39 UTC 2026","1","tests","test_dataHandling","","","","test_csvhandling",""
"broken","Thu Oct 01 00:43:39 UTC 2026","Thu Oct 01 00:43:39 UTC 2026","0","tests","test_login","","","","test_validateLoginNavigationToAuthenticationScreen[chromium]",""
"broken","Thu Oct 01 00:43:40 UTC 2026","Thu Oct 01 00:43:40 UTC 2026","0","tests","test_lambdaTest","","","","test_geoLocation",""
"broken","Thu Oct 01 00:43:39 UTC 2026","Thu Oct 01 00:43:39 UTC 2026","0","tests","test_dataHandling","","","","test_excelhandling",""
"broken","Thu Oct 01 00:43:40 UTC 2026","Thu Oct 01 00:43:40 UTC 2026","0","tests","test_login","","","","test_validatePositiveLoginWithValidCredentials[chromium]",""
"broken","Thu Oct 01 00:43:40 UTC 2026","Thu Oct 01 00:43:40 UTC 2026","0","tests","test_home","","","","test_validateTheVisibilityofPageComponents[chromium]",""
"broken","Thu Oct 01 00:43:39 UTC 2026","Thu Oct 01 00:43:39 UTC 2026","744","tests","test_cookies","","","","test_example",""
